++++++++++++++++++++++++++++++++++++++++++++++++++++++
Standard city names are included in:

PAE/Assets/XML/Civilizations/CIV4CivilizationInfos.xml

More (new) city names are listed here.

Use CTR-F to find a city you need in scenarios
++++++++++++++++++++++++++++++++++++++++++++++++++++++

Abdera: TXT_KEY_CITY_NAME_GREEK_02
Abdju: TXT_KEY_CITY_NAME_EGYPT_02
Abilat: TXT_KEY_CITY_NAME_ASSYRIA_05
Aborapi: TXT_KEY_CITY_NAME_NUBIA_39
Abyla: TXT_KEY_CITY_NAME_BERBER_05
Abzuya: TXT_KEY_CITY_NAME_HITI_43
Achaeans: TXT_KEY_CITY_NAME_B32
Achra: TXT_KEY_CITY_NAME_ETRUS_25
Addariq: TXT_KEY_CITY_NAME_ASSYRIA_17
Adria: TXT_KEY_CITY_NAME_ETRUS_18
Aduni: TXT_KEY_CITY_NAME_HUN_11
Aenus: TXT_KEY_CITY_NAME_GREEK_16
Aeolians: TXT_KEY_CITY_NAME_B36
Agabis: TXT_KEY_CITY_NAME_LIBYA_29
Agathe: TXT_KEY_CITY_NAME_GREEK_99
Ahurra: TXT_KEY_CITY_NAME_ASSYRIA_12
Ai: TXT_KEY_CITY_NAME_ISRAEL_29
Aigai: TXT_KEY_CITY_NAME_GREEK_22
Aizis: TXT_KEY_CITY_NAME_DAKER_25
Ak Robat: TXT_KEY_CITY_NAME_INDIA_17
Akatziruk: TXT_KEY_CITY_NAME_HUN_04
Akkadians: TXT_KEY_CITY_NAME_B108
Akko: TXT_KEY_CITY_NAME_PHON_03
Akra Leuke: TXT_KEY_CITY_NAME_CARTHAGE_11
Aksha: TXT_KEY_CITY_NAME_NUBIA_25
Akzib: TXT_KEY_CITY_NAME_PHON_11
Alacahoyuk: TXT_KEY_CITY_NAME_HITI_08
Alalakh: TXT_KEY_CITY_NAME_HITI_14
Alalia: TXT_KEY_CITY_NAME_C103
Albanopolis: TXT_KEY_CITY_NAME_ILLYRIA_02
Alesia: TXT_KEY_CITY_NAME_C52
Alexandria Eschate: TXT_KEY_CITY_NAME_ESCHATE
Alexandropolis: TXT_KEY_CITY_NAME_GREEK_32
Allobroges: TXT_KEY_CITY_NAME_B03
Alon Shvut: TXT_KEY_CITY_NAME_ISRAEL_40
Altava: TXT_KEY_CITY_NAME_BERBER_17
Althiburos: TXT_KEY_CITY_NAME_NUMID_03
Altinoba: TXT_KEY_CITY_NAME_SKYTHEN_27
Amada: TXT_KEY_CITY_NAME_NUBIA_41
Amantans: TXT_KEY_CITY_NAME_AMANTER
Amantia: TXT_KEY_CITY_NAME_ILLYRIA_21
Amarna: TXT_KEY_CITY_NAME_B28
Amasakku: TXT_KEY_CITY_NAME_ASSYRIA_04
Amaseia: TXT_KEY_CITY_NAME_GREEK_44
Amathus: TXT_KEY_CITY_NAME_PHON_09
Amazons: TXT_KEY_CITY_NAME_B05
Amedi: TXT_KEY_CITY_NAME_ASSYRIA_49
Amida: TXT_KEY_CITY_NAME_PHON_13
Amimu: TXT_KEY_CITY_NAME_ASSYRIA_21
Amorites: TXT_KEY_CITY_NAME_B23
Amphilochia: TXT_KEY_CITY_NAME_GREEK_62
Amritapuri: TXT_KEY_CITY_NAME_INDIA_11
Amyklai: TXT_KEY_CITY_NAME_GREEK_06
Anaktorion: TXT_KEY_CITY_NAME_GREEK_63
Andake: TXT_KEY_CITY_NAME_INDIA_23
Andros: TXT_KEY_CITY_NAME_GREEK_76
Anfa: TXT_KEY_CITY_NAME_BERBER_16
Angles: TXT_KEY_CITY_NAME_B69
Ankuwa: TXT_KEY_CITY_NAME_HITI_12
Antes: TXT_KEY_CITY_NAME_B84
Antibarium: TXT_KEY_CITY_NAME_ILLYRIA_07
Antigonea: TXT_KEY_CITY_NAME_GREEK_54
Antioch: TXT_KEY_CITY_NAME_GREEK_33
Antiodila: TXT_KEY_CITY_NAME_ANTIODILA
Antiparta: TXT_KEY_CITY_NAME_ILLYRIA_08
Antipatris: TXT_KEY_CITY_NAME_ISRAEL_31
Antipyrgus: TXT_KEY_CITY_NAME_LIBYA_12
Aornos: TXT_KEY_CITY_NAME_INDIA_13
Apameia: TXT_KEY_CITY_NAME_GREEK_36
Aphrodisias: TXT_KEY_CITY_NAME_HITI_13
Apollonia Cyrenaica: TXT_KEY_CITY_NAME_LIBYA_05
Apollonia Lycia: TXT_KEY_CITY_NAME_GREEK_101
Apostana: TXT_KEY_CITY_NAME_INDIA_30
Apqu: TXT_KEY_CITY_NAME_ASSYRIA_06
Apulon: TXT_KEY_CITY_NAME_DAKER_29
Aquileia: TXT_KEY_CITY_NAME_C95
Aquitani: TXT_KEY_CITY_NAME_B47
Arados: TXT_KEY_CITY_NAME_PHON_01
Arae Philaenorum: TXT_KEY_CITY_NAME_LIBYA_23
Aram: TXT_KEY_CITY_NAME_ASSYRIA_51
Arameans: TXT_KEY_CITY_NAME_B25
Arevaci: TXT_KEY_CITY_NAME_IBER18
Argedava: TXT_KEY_CITY_NAME_DAKER_06
Ariel: TXT_KEY_CITY_NAME_ISRAEL_45
Arigaion: TXT_KEY_CITY_NAME_INDIA_50
Arinna: TXT_KEY_CITY_NAME_HITI_21
Armenians: TXT_KEY_CITY_NAME_B16
Armorica: TXT_KEY_CITY_NAME_AREMORICA
Arverni: TXT_KEY_CITY_NAME_B48
Arwad: TXT_KEY_CITY_NAME_PHON_21
Arzawa: TXT_KEY_CITY_NAME_B11
Asaak: TXT_KEY_CITY_NAME_PARTHER_03
Ashkelon: TXT_KEY_CITY_NAME_ISRAEL_09
Askut: TXT_KEY_CITY_NAME_NUBIA_31
Aspendos: TXT_KEY_CITY_NAME_GREEK_89
Aspis: TXT_KEY_CITY_NAME_CARTHAGE_03
Assur: TXT_KEY_CITY_NAME_C17
Assur: TXT_KEY_CITY_NAME_C115
Assyrians: TXT_KEY_CITY_NAME_B17
Assyrians: TXT_KEY_CITY_NAME_B115
Astures: TXT_KEY_CITY_NAME_B134
Astures: TXT_KEY_CITY_NAME_B118
Ataroth: TXT_KEY_CITY_NAME_ISRAEL_49
Athens: TXT_KEY_CITY_NAME_B33
Athens: TXT_KEY_CITY_NAME_C33
Atina: TXT_KEY_CITY_NAME_ETRUS_26
Augila: TXT_KEY_CITY_NAME_LIBYA_28
Aulon: TXT_KEY_CITY_NAME_ILLYRIA_03
Ausetani: TXT_KEY_CITY_NAME_IBER21
Automala: TXT_KEY_CITY_NAME_LIBYA_20
Autrigones: TXT_KEY_CITY_NAME_IBER16
Auzia: TXT_KEY_CITY_NAME_NUMID_02
Avars: TXT_KEY_CITY_NAME_B86
Azatiwataya: TXT_KEY_CITY_NAME_HITI_35
Baalbek: TXT_KEY_CITY_NAME_PHON_05
Babylon: TXT_KEY_CITY_NAME_C130
Babylonians: TXT_KEY_CITY_NAME_B130
Bactra: TXT_KEY_CITY_NAME_BACTRIA
Badari: TXT_KEY_CITY_NAME_B112
Badis: TXT_KEY_CITY_NAME_INDIA_31
Baktra: TXT_KEY_CITY_NAME_C18
Balagrae: TXT_KEY_CITY_NAME_LIBYA_03
Balears: TXT_KEY_CITY_NAME_B44
Balqa: TXT_KEY_CITY_NAME_ASSYRIA_52
Balts: TXT_KEY_CITY_NAME_B77
Bamian: TXT_KEY_CITY_NAME_INDIA_15
Banganarti: TXT_KEY_CITY_NAME_NUBIA_33
Barca: TXT_KEY_CITY_NAME_LIBYA_01
Barkino: TXT_KEY_CITY_NAME_CARTHAGE_16
Barna: TXT_KEY_CITY_NAME_INDIA_39
Basa: TXT_KEY_CITY_NAME_NUBIA_34
Basmacka: TXT_KEY_CITY_NAME_SKYTHEN_13
Bassania: TXT_KEY_CITY_NAME_ILLYRIA_18
Bastarnae: TXT_KEY_CITY_NAME_B78
Bastetani: TXT_KEY_CITY_NAME_IBER08
Bastetir: TXT_KEY_CITY_NAME_HUN_16
Bastuli: TXT_KEY_CITY_NAME_IBER13
Bat Ayin: TXT_KEY_CITY_NAME_ISRAEL_42
Batavians: TXT_KEY_CITY_NAME_B125
Bataysk: TXT_KEY_CITY_NAME_HUN_21
Bazira: TXT_KEY_CITY_NAME_INDIA_22
Beersheba: TXT_KEY_CITY_NAME_ISRAEL_04
Beit Guvrin: TXT_KEY_CITY_NAME_ISRAEL_32
Beit Shemesh: TXT_KEY_CITY_NAME_ISRAEL_59
Beit Tzur: TXT_KEY_CITY_NAME_ISRAEL_56
Bela: TXT_KEY_CITY_NAME_PARTHER_16
Belgians: TXT_KEY_CITY_NAME_B53
Belozerka: TXT_KEY_CITY_NAME_BELOZERKA
Belozerka: TXT_KEY_CITY_NAME_SKYTHEN_02
Beneventum: TXT_KEY_CITY_NAME_C01
Berbers: TXT_KEY_CITY_NAME_BERBER
Berones: TXT_KEY_CITY_NAME_IBER17
Berytus: TXT_KEY_CITY_NAME_PHON_12
Bethel: TXT_KEY_CITY_NAME_ISRAEL_51
Bethlehem: TXT_KEY_CITY_NAME_ISRAEL_22
Bethsaida: TXT_KEY_CITY_NAME_ISRAEL_37
Beycesultan: TXT_KEY_CITY_NAME_HITI_36
Bharhut: TXT_KEY_CITY_NAME_INDIA_20
Bibrax: TXT_KEY_CITY_NAME_CELT_04
Bir el Atrun: TXT_KEY_CITY_NAME_NUBIA_15
Bit Zamani: TXT_KEY_CITY_NAME_ASSYRIA_66
Blandona: TXT_KEY_CITY_NAME_ILLYRIA_30
Blidaru: TXT_KEY_CITY_NAME_DAKER_05
Bolan: TXT_KEY_CITY_NAME_PARTHER_14
Bolsaja: TXT_KEY_CITY_NAME_BOLSAJA
Bolsaja: TXT_KEY_CITY_NAME_SKYTHEN_09
Bostra: TXT_KEY_CITY_NAME_PHON_15
Bouthroton: TXT_KEY_CITY_NAME_GREEK_57
Bozrah: TXT_KEY_CITY_NAME_ISRAEL_57
Brigantes: TXT_KEY_CITY_NAME_B100
Brigantium: TXT_KEY_CITY_NAME_C41
Britons: TXT_KEY_CITY_NAME_B50
Bucephalous: TXT_KEY_CITY_NAME_PARTHER_10
Bucheta: TXT_KEY_CITY_NAME_GREEK_60
Bulla Regia: TXT_KEY_CITY_NAME_NUMID_05
Burallu: TXT_KEY_CITY_NAME_ASSYRIA_07
Burdigala: TXT_KEY_CITY_NAME_C47
Burgundians: TXT_KEY_CITY_NAME_B60
Buridavenses: TXT_KEY_CITY_NAME_DAKER_03
Byllis: TXT_KEY_CITY_NAME_GREEK_53
Byzantion: TXT_KEY_CITY_NAME_BYZANZ
Byzantium: TXT_KEY_CITY_NAME_GREEK_17
Caisra: TXT_KEY_CITY_NAME_CISRA
Caledonians: TXT_KEY_CITY_NAME_B101
Callatis: TXT_KEY_CITY_NAME_GREEK_97
Cana: TXT_KEY_CITY_NAME_ISRAEL_05
Cantabri: TXT_KEY_CITY_NAME_B119
Capeva: TXT_KEY_CITY_NAME_ETRUS_11
Capsa: TXT_KEY_CITY_NAME_NUMID_01
Carales: TXT_KEY_CITY_NAME_C104
Caristii: TXT_KEY_CITY_NAME_IBER15
Carmania: TXT_KEY_CITY_NAME_PARTHER_17
Carmel: TXT_KEY_CITY_NAME_ISRAEL_55
Carpetani: TXT_KEY_CITY_NAME_B120
Cartenna: TXT_KEY_CITY_NAME_CARTENNA
Cartenna: TXT_KEY_CITY_NAME_CARTHAGE_01
Carthage: TXT_KEY_CITY_NAME_CARTHAGE
Carthago Nova: TXT_KEY_CITY_NAME_CARTHAGO_NOVO
Casa: TXT_KEY_CITY_NAME_ETRUS_13
Cathures: TXT_KEY_CITY_NAME_C101
Celtiberians: TXT_KEY_CITY_NAME_B121
Celtici: TXT_KEY_CITY_NAME_IBER22
Chalcedon: TXT_KEY_CITY_NAME_GREEK_83
Chalcis: TXT_KEY_CITY_NAME_C36
Chalcis ad Bellum: TXT_KEY_CITY_NAME_ASSYRIA_40
Chaldeans: TXT_KEY_CITY_NAME_B22
Chatti: TXT_KEY_CITY_NAME_B63
Chauci: TXT_KEY_CITY_NAME_B58
Chengalpattu: TXT_KEY_CITY_NAME_INDIA_08
Chenini: TXT_KEY_CITY_NAME_CHENINI
Chenini: TXT_KEY_CITY_NAME_NUMID_12
Chennai: TXT_KEY_CITY_NAME_INDIA_06
Chersonesos: TXT_KEY_CITY_NAME_CHERSONESOS
Cherusci: TXT_KEY_CITY_NAME_B62
Chidambaram: TXT_KEY_CITY_NAME_INDIA_10
Choose city.: TXT_KEY_POPUP_TRADE_ROUTE_CHOOSE_CITY
Cimbalka: TXT_KEY_CITY_NAME_CIMBALKA
Cimbalka: TXT_KEY_CITY_NAME_SKYTHEN_07
Cimbri: TXT_KEY_CITY_NAME_B66
Cirta: TXT_KEY_CITY_NAME_C137
Cisra: TXT_KEY_CITY_NAME_ETRUS_03
Ckalovo: TXT_KEY_CITY_NAME_CKALOVO
Ckalovo: TXT_KEY_CITY_NAME_SKYTHEN_40
Clevsin: TXT_KEY_CITY_NAME_ETRUS_01
Conii: TXT_KEY_CITY_NAME_IBER12
Contestani: TXT_KEY_CITY_NAME_IBER06
Corcyra: TXT_KEY_CITY_NAME_CORCYRA
Corduba: TXT_KEY_CITY_NAME_C38
Corinth: TXT_KEY_CITY_NAME_C32
Corniclanum: TXT_KEY_CITY_NAME_LIBYA_11
Cornovii: TXT_KEY_CITY_NAME_B105
Corsi: TXT_KEY_CITY_NAME_B103
Cosetani: TXT_KEY_CITY_NAME_B122
Croton: TXT_KEY_CITY_NAME_CROTON
Csikszent: TXT_KEY_CITY_NAME_DAKER_15
Cucuteni: TXT_KEY_CITY_NAME_DAKER_13
Cumaki: TXT_KEY_CITY_NAME_CUMAKI
Cumaki: TXT_KEY_CITY_NAME_SKYTHEN_08
Curtun: TXT_KEY_CITY_NAME_ETRUS_07
Cydamus: TXT_KEY_CITY_NAME_LIBYA_24
Cyrene: TXT_KEY_CITY_NAME_C114
Cyzicus: TXT_KEY_CITY_NAME_GREEK_19
Dagaseira: TXT_KEY_CITY_NAME_INDIA_33
Damascus: TXT_KEY_CITY_NAME_C24
Damastion: TXT_KEY_CITY_NAME_ILLYRIA_04
Dan: TXT_KEY_CITY_NAME_ISRAEL_15
Danedevae: TXT_KEY_CITY_NAME_DAKER_22
Danes: TXT_KEY_CITY_NAME_B67
Dara: TXT_KEY_CITY_NAME_PARTHER_02
Darnis: TXT_KEY_CITY_NAME_LIBYA_18
Dascylion: TXT_KEY_CITY_NAME_DASKYLEION
Debod: TXT_KEY_CITY_NAME_NUBIA_40
Deev: TXT_KEY_CITY_NAME_SKYTHEN_16
Delminium: TXT_KEY_CITY_NAME_ILLYRIA_13
Delos: TXT_KEY_CITY_NAME_GREEK_87
Delphi: TXT_KEY_CITY_NAME_C31
Demetrias: TXT_KEY_CITY_NAME_C135
Demetrias: TXT_KEY_CITY_NAME_C116
Demetrias: TXT_KEY_CITY_NAME_DEMETRIAS
Dendrobosa: TXT_KEY_CITY_NAME_INDIA_38
Dibystion: TXT_KEY_CITY_NAME_GREEK_65
Didyma: TXT_KEY_CITY_NAME_GREEK_86
Dimmidi: TXT_KEY_CITY_NAME_BERBER_20
Dion: TXT_KEY_CITY_NAME_GREEK_30
Dioskurias: TXT_KEY_CITY_NAME_GREEK_92
Dociea: TXT_KEY_CITY_NAME_ILLYRIA_28
Dodona: TXT_KEY_CITY_NAME_C131
Dongola: TXT_KEY_CITY_NAME_NUBIA_14
Dor: TXT_KEY_CITY_NAME_PHON_04
Doragthegi: TXT_KEY_CITY_NAME_HUN_18
Dorians: TXT_KEY_CITY_NAME_B34
Douiret: TXT_KEY_CITY_NAME_NUMID_13
Drapsaca: TXT_KEY_CITY_NAME_DRAPSACA
Draudaku: TXT_KEY_CITY_NAME_ILLYRIA_24
Drepana: TXT_KEY_CITY_NAME_CARTHAGE_06
Drobeta: TXT_KEY_CITY_NAME_DAKER_07
Dumnonii: TXT_KEY_CITY_NAME_B99
Dur Katlimmu: TXT_KEY_CITY_NAME_ASSYRIA_10
Dur-Sharrukin: TXT_KEY_CITY_NAME_ASSYRIA_01
Durocortorum: TXT_KEY_CITY_NAME_C53
Dvira: TXT_KEY_CITY_NAME_ISRAEL_58
Dyrta: TXT_KEY_CITY_NAME_INDIA_27
Eblana: TXT_KEY_CITY_NAME_C102
Eboracum: TXT_KEY_CITY_NAME_C100
Ecbatana: TXT_KEY_CITY_NAME_C20
Edessa: TXT_KEY_CITY_NAME_GREEK_29
Edetani: TXT_KEY_CITY_NAME_B124
Edfu: TXT_KEY_CITY_NAME_C29
Egerseg: TXT_KEY_CITY_NAME_HUN_13
El-Kurru: TXT_KEY_CITY_NAME_NUBIA_07
El-Shab: TXT_KEY_CITY_NAME_NUBIA_21
Elath: TXT_KEY_CITY_NAME_ISRAEL_19
Elatria: TXT_KEY_CITY_NAME_GREEK_58
Elephantine: TXT_KEY_CITY_NAME_C129
Elisycs: TXT_KEY_CITY_NAME_B109
Emar: TXT_KEY_CITY_NAME_HITI_34
Embolima: TXT_KEY_CITY_NAME_INDIA_26
Emmaus: TXT_KEY_CITY_NAME_ISRAEL_07
Emona: TXT_KEY_CITY_NAME_EMONA
Emporion: TXT_KEY_CITY_NAME_GREEK_100
Enkelana: TXT_KEY_CITY_NAME_ILLYRIA_11
Enkomi: TXT_KEY_CITY_NAME_PHON_18
Eordaeia: TXT_KEY_CITY_NAME_ILLYRIA_20
Ephesus: TXT_KEY_CITY_NAME_C09
Ephrat: TXT_KEY_CITY_NAME_ISRAEL_46
Epidamnos: TXT_KEY_CITY_NAME_GREEK_15
Epirotes: TXT_KEY_CITY_NAME_B31
Eridu: TXT_KEY_CITY_NAME_C108
Eschate: TXT_KEY_CITY_NAME_PARTHER_13
Etruscans: TXT_KEY_CITY_NAME_B136
Euhesperides: TXT_KEY_CITY_NAME_LIBYA_02
Exilissa: TXT_KEY_CITY_NAME_BERBER_15
Faleria: TXT_KEY_CITY_NAME_ETRUS_24
Faras: TXT_KEY_CITY_NAME_NUBIA_35
Felatri: TXT_KEY_CITY_NAME_FELATRI
Felsina: TXT_KEY_CITY_NAME_ETRUS_16
Flaviobriga: TXT_KEY_CITY_NAME_C42
Franks: TXT_KEY_CITY_NAME_B59
Frisians: TXT_KEY_CITY_NAME_B56
Fufluna: TXT_KEY_CITY_NAME_ETRUS_06
Gabati: TXT_KEY_CITY_NAME_NUBIA_05
Gadir: TXT_KEY_CITY_NAME_GADIR
Gadora: TXT_KEY_CITY_NAME_ASSYRIA_54
Gaels: TXT_KEY_CITY_NAME_B102
Gallaeci: TXT_KEY_CITY_NAME_B41
Gamara: TXT_KEY_CITY_NAME_LIBYA_08
Garamantes: TXT_KEY_CITY_NAME_B113
Garba: TXT_KEY_CITY_NAME_NUMID_19
Gatae: TXT_KEY_CITY_NAME_DAKER_21
Gaudiaba: TXT_KEY_CITY_NAME_NUMID_22
Gaza: TXT_KEY_CITY_NAME_GREEK_39
Gazaka: TXT_KEY_CITY_NAME_C16
Gaziura: TXT_KEY_CITY_NAME_HITI_23
Geats: TXT_KEY_CITY_NAME_B81
Gebel Barkal: TXT_KEY_CITY_NAME_NUBIA_06
Gedera: TXT_KEY_CITY_NAME_ISRAEL_62
Gela: TXT_KEY_CITY_NAME_PHON_20
Gemai: TXT_KEY_CITY_NAME_NUBIA_32
Geneva: TXT_KEY_CITY_NAME_C54
Genoa: TXT_KEY_CITY_NAME_C03
Genucla: TXT_KEY_CITY_NAME_DAKER_27
Gepids: TXT_KEY_CITY_NAME_B72
Gerara: TXT_KEY_CITY_NAME_ISRAEL_38
Gergovia: TXT_KEY_CITY_NAME_C48
Germisara: TXT_KEY_CITY_NAME_DAKER_20
Gezer: TXT_KEY_CITY_NAME_ISRAEL_63
Ghat: TXT_KEY_CITY_NAME_LIBYA_27
Ghazni: TXT_KEY_CITY_NAME_PARTHER_04
Ghirza: TXT_KEY_CITY_NAME_LIBYA_26
Gibba: TXT_KEY_CITY_NAME_NUMID_23
Gilo: TXT_KEY_CITY_NAME_ISRAEL_54
Girus Tarasii: TXT_KEY_CITY_NAME_NUMID_26
Gomorra: TXT_KEY_CITY_NAME_ISRAEL_14
Gonia: TXT_KEY_CITY_NAME_LIBYA_15
Gordium: TXT_KEY_CITY_NAME_C07
Gorgan: TXT_KEY_CITY_NAME_PARTHER_07
Gravisca: TXT_KEY_CITY_NAME_ETRUS_12
Guellala: TXT_KEY_CITY_NAME_GUELLALA
Guellala: TXT_KEY_CITY_NAME_NUMID_11
Gumelnita: TXT_KEY_CITY_NAME_DAKER_12
Guzana: TXT_KEY_CITY_NAME_ASSYRIA_39
Gythion: TXT_KEY_CITY_NAME_GREEK_08
Haasre: TXT_KEY_CITY_NAME_HAASRE
Habriuri: TXT_KEY_CITY_NAME_ASSYRIA_11
Hadhramaut: TXT_KEY_CITY_NAME_B107
Hadhramaut: TXT_KEY_CITY_NAME_C22
Hakpis: TXT_KEY_CITY_NAME_HITI_19
Halahhu: TXT_KEY_CITY_NAME_ASSYRIA_13
Halicarnassus: TXT_KEY_CITY_NAME_C10
Hallstatt: TXT_KEY_CITY_NAME_HALLSTATT
Hama: TXT_KEY_CITY_NAME_HITI_40
Hamangia: TXT_KEY_CITY_NAME_DAKER_10
Hanhana: TXT_KEY_CITY_NAME_HITI_22
Haran: TXT_KEY_CITY_NAME_ASSYRIA_09
Harhar: TXT_KEY_CITY_NAME_ASSYRIA_55
Hattena: TXT_KEY_CITY_NAME_HITI_26
Hattusa: TXT_KEY_CITY_NAME_HITI_01
Hauran: TXT_KEY_CITY_NAME_ASSYRIA_62
Hazor: TXT_KEY_CITY_NAME_ISRAEL_27
Hebrews: TXT_KEY_CITY_NAME_B26
Hebron: TXT_KEY_CITY_NAME_ISRAEL_10
Hecatompylos: TXT_KEY_CITY_NAME_C19
Hecatompylos: TXT_KEY_CITY_NAME_HECATOMPYLOS
Hegra: TXT_KEY_CITY_NAME_HEGRA
Heliopolis: TXT_KEY_CITY_NAME_C28
Helmantica: TXT_KEY_CITY_NAME_C117
Helos: TXT_KEY_CITY_NAME_GREEK_07
Helvetii: TXT_KEY_CITY_NAME_B54
Hemeroskopeion: TXT_KEY_CITY_NAME_PHON_16
Hesbon: TXT_KEY_CITY_NAME_ISRAEL_33
Hiberni: TXT_KEY_CITY_NAME_B138
Hilakku: TXT_KEY_CITY_NAME_ASSYRIA_46
Hippo: TXT_KEY_CITY_NAME_C127
Hippos: TXT_KEY_CITY_NAME_ISRAEL_30
Hissetu: TXT_KEY_CITY_NAME_ASSYRIA_15
Hit: TXT_KEY_CITY_NAME_ASSYRIA_63
Hoshiarpur: TXT_KEY_CITY_NAME_INDIA_09
Hubuskia: TXT_KEY_CITY_NAME_ASSYRIA_31
Hunuk: TXT_KEY_CITY_NAME_HUN_23
Hurri: TXT_KEY_CITY_NAME_ASSYRIA_16
Hurrians: TXT_KEY_CITY_NAME_B15
Husananu: TXT_KEY_CITY_NAME_ASSYRIA_18
Iacetani: TXT_KEY_CITY_NAME_IBER04
Ialysos: TXT_KEY_CITY_NAME_GREEK_69
Iceni: TXT_KEY_CITY_NAME_B97
Icosium: TXT_KEY_CITY_NAME_BERBER_02
Idalium: TXT_KEY_CITY_NAME_PHON_19
Idu: TXT_KEY_CITY_NAME_ASSYRIA_19
Ifiyey: TXT_KEY_CITY_NAME_BERBER_13
Igilgili: TXT_KEY_CITY_NAME_CARTHAGE_07
Ikaria: TXT_KEY_CITY_NAME_GREEK_75
Ilercavones: TXT_KEY_CITY_NAME_IBER02
Ilergetae: TXT_KEY_CITY_NAME_IBER01
Iljintsi: TXT_KEY_CITY_NAME_SKYTHEN_20
Illyrians: TXT_KEY_CITY_NAME_B30
Imbros: TXT_KEY_CITY_NAME_GREEK_25
Imgur Enlil: TXT_KEY_CITY_NAME_ASSYRIA_20
Indigetes: TXT_KEY_CITY_NAME_IBER10
Insubres: TXT_KEY_CITY_NAME_B55
Ionians: TXT_KEY_CITY_NAME_B35
Isana: TXT_KEY_CITY_NAME_ASSYRIA_22
Isca Dumnoniorum: TXT_KEY_CITY_NAME_C99
Issus: TXT_KEY_CITY_NAME_C14
Istros: TXT_KEY_CITY_NAME_GREEK_96
Itanos: TXT_KEY_CITY_NAME_GREEK_84
Jabesh-Gilead: TXT_KEY_CITY_NAME_ISRAEL_47
Jaffa: TXT_KEY_CITY_NAME_ISRAEL_36
Jalapur: TXT_KEY_CITY_NAME_INDIA_28
Jebel Ajloun: TXT_KEY_CITY_NAME_ASSYRIA_53
Jegi: TXT_KEY_CITY_NAME_HUN_12
Jericho: TXT_KEY_CITY_NAME_ISRAEL_03
Jerusalem: TXT_KEY_CITY_NAME_C26
Jezreel: TXT_KEY_CITY_NAME_ISRAEL_24
Jotapata: TXT_KEY_CITY_NAME_ISRAEL_21
Jutes: TXT_KEY_CITY_NAME_B68
Kabana: TXT_KEY_CITY_NAME_INDIA_45
Kabura: TXT_KEY_CITY_NAME_GREEK_38
Kabyles: TXT_KEY_CITY_NAME_B92
Kadambodhi: TXT_KEY_CITY_NAME_INDIA_05
Kafar Naum: TXT_KEY_CITY_NAME_ISRAEL_25
Kalpe: TXT_KEY_CITY_NAME_CARTHAGE_14
Kameiros: TXT_KEY_CITY_NAME_GREEK_80
Kamenskoe: TXT_KEY_CITY_NAME_KAMENSKOE
Kamenskoe: TXT_KEY_CITY_NAME_SKYTHEN_01
Kanate: TXT_KEY_CITY_NAME_INDIA_34
Kanchipuram: TXT_KEY_CITY_NAME_INDIA_03
Kanesh: TXT_KEY_CITY_NAME_ASSYRIA_08
Kara Kotal: TXT_KEY_CITY_NAME_INDIA_16
Karagod: TXT_KEY_CITY_NAME_SKYTHEN_28
Karalla: TXT_KEY_CITY_NAME_ASSYRIA_56
Karana: TXT_KEY_CITY_NAME_ASSYRIA_37
Karchemish: TXT_KEY_CITY_NAME_HITI_10
Karkar: TXT_KEY_CITY_NAME_ASSYRIA_32
Karnina: TXT_KEY_CITY_NAME_INDIA_41
Karphatos: TXT_KEY_CITY_NAME_GREEK_78
Kasanarti: TXT_KEY_CITY_NAME_NUBIA_30
Kassiopi: TXT_KEY_CITY_NAME_GREEK_52
Kassites: TXT_KEY_CITY_NAME_B20
Kassope: TXT_KEY_CITY_NAME_GREEK_61
Kaukoenses: TXT_KEY_CITY_NAME_DAKER_02
Kawa: TXT_KEY_CITY_NAME_NUBIA_08
Kelermes: TXT_KEY_CITY_NAME_SKYTHEN_30
Kerch: TXT_KEY_CITY_NAME_SKYTHEN_37
Kerkennah: TXT_KEY_CITY_NAME_CARTHAGE_04
Kerma: TXT_KEY_CITY_NAME_NUBIA_09
Kevi: TXT_KEY_CITY_NAME_HUN_09
Khalatir: TXT_KEY_CITY_NAME_HUN_19
Kharkiv: TXT_KEY_CITY_NAME_SKYTHEN_39
Khoms: TXT_KEY_CITY_NAME_LIBYA_17
Khor Shingawi: TXT_KEY_CITY_NAME_NUBIA_36
Khullu: TXT_KEY_CITY_NAME_CARTHAGE_09
Khyber: TXT_KEY_CITY_NAME_INDIA_18
Kilizu: TXT_KEY_CITY_NAME_ASSYRIA_24
Kinalua: TXT_KEY_CITY_NAME_ASSYRIA_71
Kiraly: TXT_KEY_CITY_NAME_DAKER_16
Kiriath-Arba: TXT_KEY_CITY_NAME_ISRAEL_53
Kiriath-Sepher: TXT_KEY_CITY_NAME_ISRAEL_52
Kirovo: TXT_KEY_CITY_NAME_SKYTHEN_19
Kisesim: TXT_KEY_CITY_NAME_ASSYRIA_48
Kition: TXT_KEY_CITY_NAME_PHON_10
Kizzuwatna: TXT_KEY_CITY_NAME_B13
Klazomenai: TXT_KEY_CITY_NAME_GREEK_81
Knossos: TXT_KEY_CITY_NAME_C34
Kokala: TXT_KEY_CITY_NAME_INDIA_44
Kolophon: TXT_KEY_CITY_NAME_GREEK_67
Kophas: TXT_KEY_CITY_NAME_INDIA_37
Kophen: TXT_KEY_CITY_NAME_INDIA_19
Kostromskaja: TXT_KEY_CITY_NAME_SKYTHEN_32
Kosztesd: TXT_KEY_CITY_NAME_DAKER_11
Kotyora: TXT_KEY_CITY_NAME_GREEK_46
Kulimmeri: TXT_KEY_CITY_NAME_ASSYRIA_58
Kullani: TXT_KEY_CITY_NAME_ASSYRIA_43
Kulubnarti: TXT_KEY_CITY_NAME_NUBIA_24
Kumma: TXT_KEY_CITY_NAME_NUBIA_27
Kummani: TXT_KEY_CITY_NAME_HITI_25
Kurda: TXT_KEY_CITY_NAME_ASSYRIA_25
Kurdschips: TXT_KEY_CITY_NAME_SKYTHEN_34
Kurgus: TXT_KEY_CITY_NAME_NUBIA_22
Kussara: TXT_KEY_CITY_NAME_HITI_03
Kut Turuk: TXT_KEY_CITY_NAME_HUN_26
Kutrigur: TXT_KEY_CITY_NAME_HUN_05
Kydonia: TXT_KEY_CITY_NAME_C87
Kyiza: TXT_KEY_CITY_NAME_INDIA_36
Kyme: TXT_KEY_CITY_NAME_GREEK_68
Kythera: TXT_KEY_CITY_NAME_GREEK_09
Kytoros: TXT_KEY_CITY_NAME_GREEK_91
Lacetani: TXT_KEY_CITY_NAME_IBER19
Lachish: TXT_KEY_CITY_NAME_ISRAEL_26
Laiduni: TXT_KEY_CITY_NAME_HUN_15
Lambaesis: TXT_KEY_CITY_NAME_NUMID_07
Lampsacus: TXT_KEY_CITY_NAME_GREEK_18
Landa: TXT_KEY_CITY_NAME_HITI_20
Laodicea: TXT_KEY_CITY_NAME_GREEK_34
Laqiya Arbain: TXT_KEY_CITY_NAME_NUBIA_17
Lebu: TXT_KEY_CITY_NAME_B127
Lemesev: TXT_KEY_CITY_NAME_SKYTHEN_12
Lemnos: TXT_KEY_CITY_NAME_GREEK_74
Leptis Magna: TXT_KEY_CITY_NAME_C88
Leptis Parva: TXT_KEY_CITY_NAME_C128
Lesbos: TXT_KEY_CITY_NAME_GREEK_70
Leucas: TXT_KEY_CITY_NAME_GREEK_21
Liburnians: TXT_KEY_CITY_NAME_B95
Libyans: TXT_KEY_CITY_NAME_B27
Libyans: TXT_KEY_CITY_NAME_C27
Ligurians: TXT_KEY_CITY_NAME_B43
Lindos: TXT_KEY_CITY_NAME_GREEK_79
Lissos: TXT_KEY_CITY_NAME_GREEK_51
Livi: TXT_KEY_CITY_NAME_HUN_27
Lombards: TXT_KEY_CITY_NAME_B75
Londinium: TXT_KEY_CITY_NAME_C97
Lucus Asturica: TXT_KEY_CITY_NAME_C134
Lucus Asturum: TXT_KEY_CITY_NAME_C118
Lugdunum: TXT_KEY_CITY_NAME_LUGDUNUM
Lugdunum Batavorum: TXT_KEY_CITY_NAME_C125
Luka: TXT_KEY_CITY_NAME_HUN_28
Lusitanians: TXT_KEY_CITY_NAME_B40
Lusna: TXT_KEY_CITY_NAME_HITI_05
Lusones: TXT_KEY_CITY_NAME_IBER14
Lutetia: TXT_KEY_CITY_NAME_C51
Lychnidos: TXT_KEY_CITY_NAME_GREEK_31
Lycians: TXT_KEY_CITY_NAME_B10
Lycopolis: TXT_KEY_CITY_NAME_C112
Lydians: TXT_KEY_CITY_NAME_B09
Macra: TXT_KEY_CITY_NAME_ISRAEL_34
Mactaris: TXT_KEY_CITY_NAME_NUMID_04
Madaura: TXT_KEY_CITY_NAME_NUMID_20
Mago: TXT_KEY_CITY_NAME_CARTHAGE_08
Mahabalipuram: TXT_KEY_CITY_NAME_INDIA_07
Maikop: TXT_KEY_CITY_NAME_SKYTHEN_29
Mainake: TXT_KEY_CITY_NAME_PHON_17
Malana: TXT_KEY_CITY_NAME_INDIA_43
Mamucium: TXT_KEY_CITY_NAME_C105
Manastir: TXT_KEY_CITY_NAME_ILLYRIA_16
Mansuati: TXT_KEY_CITY_NAME_ASSYRIA_59
Manthva: TXT_KEY_CITY_NAME_ETRUS_17
Mantua: TXT_KEY_CITY_NAME_MANTUA
Marcomanni: TXT_KEY_CITY_NAME_B65
Mari: TXT_KEY_CITY_NAME_B24
Maroneia: TXT_KEY_CITY_NAME_GREEK_14
Masr: TXT_KEY_CITY_NAME_MASR
Massaga: TXT_KEY_CITY_NAME_INDIA_25
Massilia: TXT_KEY_CITY_NAME_C43
Mathara: TXT_KEY_CITY_NAME_NUMID_24
Mathi: TXT_KEY_CITY_NAME_ILLYRIA_09
Matmata: TXT_KEY_CITY_NAME_NUMID_16
Mazaka: TXT_KEY_CITY_NAME_GREEK_48
Medes: TXT_KEY_CITY_NAME_B18
Mediolanum: TXT_KEY_CITY_NAME_C55
Megalopolis: TXT_KEY_CITY_NAME_GREEK_10
Megiddo: TXT_KEY_CITY_NAME_ISRAEL_06
Meinarti: TXT_KEY_CITY_NAME_NUBIA_38
Melgunow: TXT_KEY_CITY_NAME_SKYTHEN_21
Melid: TXT_KEY_CITY_NAME_HITI_33
Melik en Nasir: TXT_KEY_CITY_NAME_NUBIA_28
Melos: TXT_KEY_CITY_NAME_GREEK_77
Meninx: TXT_KEY_CITY_NAME_CARTHAGE_05
Meroe: TXT_KEY_CITY_NAME_NUBIA_01
Meshwesh: TXT_KEY_CITY_NAME_B114
Messene: TXT_KEY_CITY_NAME_MESSENE
Meteon: TXT_KEY_CITY_NAME_ILLYRIA_25
Methoni: TXT_KEY_CITY_NAME_METHONE
Methoni: TXT_KEY_CITY_NAME_GREEK_11
Metulum: TXT_KEY_CITY_NAME_ILLYRIA_27
Migdalia Nunia: TXT_KEY_CITY_NAME_ISRAEL_50
Milevum: TXT_KEY_CITY_NAME_NUMID_10
Milgis: TXT_KEY_CITY_NAME_BERBER_18
Minoans: TXT_KEY_CITY_NAME_B87
Mirgissa: TXT_KEY_CITY_NAME_NUBIA_29
Misfe: TXT_KEY_CITY_NAME_LIBYA_19
Mittani: TXT_KEY_CITY_NAME_B14
Mizpa: TXT_KEY_CITY_NAME_ISRAEL_11
Modi´in: TXT_KEY_CITY_NAME_ISRAEL_60
Mogila: TXT_KEY_CITY_NAME_SKYTHEN_03
Mogontiacum: TXT_KEY_CITY_NAME_C60
Molossians: TXT_KEY_CITY_NAME_B131
Moors: TXT_KEY_CITY_NAME_B90
Mosarna: TXT_KEY_CITY_NAME_INDIA_40
Mulla: TXT_KEY_CITY_NAME_PARTHER_15
Mykonos: TXT_KEY_CITY_NAME_GREEK_73
Nabta Playa: TXT_KEY_CITY_NAME_NUBIA_19
Naga: TXT_KEY_CITY_NAME_NUBIA_03
Nahavand: TXT_KEY_CITY_NAME_PARTHER_11
Nahur: TXT_KEY_CITY_NAME_ASSYRIA_26
Namri: TXT_KEY_CITY_NAME_ASSYRIA_60
Napata: TXT_KEY_CITY_NAME_NUBIA_02
Naqadians: TXT_KEY_CITY_NAME_B29
Nar Zuhini: TXT_KEY_CITY_NAME_ASSYRIA_28
Naraggara: TXT_KEY_CITY_NAME_CARTHAGE_02
Narbo: TXT_KEY_CITY_NAME_C109
Narona: TXT_KEY_CITY_NAME_ILLYRIA_14
Nasamones: TXT_KEY_CITY_NAME_B88
Nasibina: TXT_KEY_CITY_NAME_ASSYRIA_50
Natas: TXT_KEY_CITY_NAME_HITI_27
Naukratis: TXT_KEY_CITY_NAME_GREEK_42
Nazareth: TXT_KEY_CITY_NAME_ISRAEL_17
Neapolis: TXT_KEY_CITY_NAME_C02
Nedroma: TXT_KEY_CITY_NAME_BERBER_12
Nenassa: TXT_KEY_CITY_NAME_HITI_17
Neoptana: TXT_KEY_CITY_NAME_INDIA_32
Nepete: TXT_KEY_CITY_NAME_ETRUS_23
Nerik: TXT_KEY_CITY_NAME_HITI_18
Nesa: TXT_KEY_CITY_NAME_HITI_02
Nicomedia: TXT_KEY_CITY_NAME_C06
Nihirija: TXT_KEY_CITY_NAME_ASSYRIA_30
Nineveh: TXT_KEY_CITY_NAME_C15
Ninurta: TXT_KEY_CITY_NAME_ASSYRIA_03
Nisa: TXT_KEY_CITY_NAME_PARTHER_01
Nishapur: TXT_KEY_CITY_NAME_PARTHER_05
Nmirowskoje: TXT_KEY_CITY_NAME_SKYTHEN_25
NONE: TXT_KEY_CITY_NAME_C107
Nubians: TXT_KEY_CITY_NAME_B129
Nukheila: TXT_KEY_CITY_NAME_NUBIA_16
Numantia: TXT_KEY_CITY_NAME_C121
Numidians: TXT_KEY_CITY_NAME_B137
Nuri: TXT_KEY_CITY_NAME_NUBIA_04
Oasis Mut: TXT_KEY_CITY_NAME_OASE_MUT
Oasis Tayma: TXT_KEY_CITY_NAME_OASE_TAYMA
Octa: TXT_KEY_CITY_NAME_C119
Oescus: TXT_KEY_CITY_NAME_DAKER_08
Ogus: TXT_KEY_CITY_NAME_SKYTHEN_24
Oguz: TXT_KEY_CITY_NAME_SKYTHEN_11
Oinoi: TXT_KEY_CITY_NAME_ILLYRIA_23
Olbia: TXT_KEY_CITY_NAME_C111
Olcades: TXT_KEY_CITY_NAME_IBER24
Olcini: TXT_KEY_CITY_NAME_ILLYRIA_05
Olea: TXT_KEY_CITY_NAME_OLEA
Olisipo: TXT_KEY_CITY_NAME_C40
Olynthos: TXT_KEY_CITY_NAME_GREEK_03
Omira: TXT_KEY_CITY_NAME_LIBYA_10
Onchesmos: TXT_KEY_CITY_NAME_GREEK_56
Onuba: TXT_KEY_CITY_NAME_C39
Ora: TXT_KEY_CITY_NAME_INDIA_21
Ordu Turuk: TXT_KEY_CITY_NAME_HUN_25
Orel: TXT_KEY_CITY_NAME_SKYTHEN_17
Oretani: TXT_KEY_CITY_NAME_IBER05
Osci: TXT_KEY_CITY_NAME_B02
Ostrogoths: TXT_KEY_CITY_NAME_B80
Pagala: TXT_KEY_CITY_NAME_INDIA_46
Pagasae: TXT_KEY_CITY_NAME_GREEK_26
Pala: TXT_KEY_CITY_NAME_B06
Paliurus: TXT_KEY_CITY_NAME_LIBYA_14
Palmaria Palmensis: TXT_KEY_CITY_NAME_C44
Panormus: TXT_KEY_CITY_NAME_C45
Paphos: TXT_KEY_CITY_NAME_PHON_14
Paraitonion: TXT_KEY_CITY_NAME_LIBYA_25
Parapamisur: TXT_KEY_CITY_NAME_INDIA_47
Parisians: TXT_KEY_CITY_NAME_B51
Parthians: TXT_KEY_CITY_NAME_B19
Pasargadae: TXT_KEY_CITY_NAME_C21
Pasira: TXT_KEY_CITY_NAME_INDIA_42
Passaron: TXT_KEY_CITY_NAME_GREEK_59
Patala: TXT_KEY_CITY_NAME_INDIA_01
Pelousion: TXT_KEY_CITY_NAME_GREEK_41
Penuel: TXT_KEY_CITY_NAME_ISRAEL_44
Perinthos: TXT_KEY_CITY_NAME_C37
Perusna: TXT_KEY_CITY_NAME_ETRUS_08
Pessinous: TXT_KEY_CITY_NAME_GREEK_40
Petra: TXT_KEY_CITY_NAME_C25
Phanagoria: TXT_KEY_CITY_NAME_GREEK_95
Phasis: TXT_KEY_CITY_NAME_GREEK_49
Pherae: TXT_KEY_CITY_NAME_GREEK_27
Philippopolis: TXT_KEY_CITY_NAME_C73
Phoenice: TXT_KEY_CITY_NAME_GREEK_55
Phraaspa: TXT_KEY_CITY_NAME_GREEK_35
Phrygians: TXT_KEY_CITY_NAME_B07
Phthia: TXT_KEY_CITY_NAME_LIBYA_13
Pictons: TXT_KEY_CITY_NAME_B49
Pisae: TXT_KEY_CITY_NAME_C136
Pitteyarika: TXT_KEY_CITY_NAME_HITI_24
Pityus: TXT_KEY_CITY_NAME_GREEK_93
Pokrovka: TXT_KEY_CITY_NAME_SKYTHEN_14
Pomaria: TXT_KEY_CITY_NAME_BERBER_10
Pompaelo: TXT_KEY_CITY_NAME_C123
Portus Namnetus: TXT_KEY_CITY_NAME_C50
Posidion: TXT_KEY_CITY_NAME_GREEK_64
Potaissa: TXT_KEY_CITY_NAME_DAKER_23
Potidaea: TXT_KEY_CITY_NAME_POTEIDAIA
Potidaia: TXT_KEY_CITY_NAME_GREEK_01
Poura: TXT_KEY_CITY_NAME_GREEK_37
Predavenses: TXT_KEY_CITY_NAME_C72
Prophtasia: TXT_KEY_CITY_NAME_PARTHER_12
Prusias: TXT_KEY_CITY_NAME_GREEK_50
Ptolemais: TXT_KEY_CITY_NAME_LIBYA_06
Puducherry: TXT_KEY_CITY_NAME_INDIA_12
Pura: TXT_KEY_CITY_NAME_PARTHER_18
Puranda: TXT_KEY_CITY_NAME_HITI_42
Purushanda: TXT_KEY_CITY_NAME_HITI_07
Pydna: TXT_KEY_CITY_NAME_PYDNA
Pydna: TXT_KEY_CITY_NAME_GREEK_12
Qadesh: TXT_KEY_CITY_NAME_HITI_15
Qarnini: TXT_KEY_CITY_NAME_ASSYRIA_61
Quadi: TXT_KEY_CITY_NAME_B70
Quart Eya: TXT_KEY_CITY_NAME_CARTHAGE_15
Quemedava: TXT_KEY_CITY_NAME_DAKER_26
Racotis: TXT_KEY_CITY_NAME_RACHOTIS
Raeti: TXT_KEY_CITY_NAME_B94
Ramah: TXT_KEY_CITY_NAME_ISRAEL_08
Rambakia: TXT_KEY_CITY_NAME_INDIA_29
Ramoth-Gilead: TXT_KEY_CITY_NAME_ISRAEL_48
Raphia: TXT_KEY_CITY_NAME_GREEK_43
Ratakanses: TXT_KEY_CITY_NAME_C70
Ravenna: TXT_KEY_CITY_NAME_C04
Rhaga: TXT_KEY_CITY_NAME_RHAGA
Rhegion: TXT_KEY_CITY_NAME_GREEK_98
Rhizon: TXT_KEY_CITY_NAME_ILLYRIA_10
Rhodes: TXT_KEY_CITY_NAME_C35
Rifians: TXT_KEY_CITY_NAME_B93
Rishikesh: TXT_KEY_CITY_NAME_INDIA_14
Rugii: TXT_KEY_CITY_NAME_B76
Rusaddir: TXT_KEY_CITY_NAME_C93
Rusellae: TXT_KEY_CITY_NAME_ETRUS_21
Ruspina: TXT_KEY_CITY_NAME_CARTHAGE_17
Rustamids: TXT_KEY_CITY_NAME_B91
Rusticiana: TXT_KEY_CITY_NAME_NUMID_27
Sa Silli: TXT_KEY_CITY_NAME_ASSYRIA_35
Sa-Nur: TXT_KEY_CITY_NAME_ISRAEL_43
Sabaeans: TXT_KEY_CITY_NAME_B106
Sabata: TXT_KEY_CITY_NAME_ASSYRIA_65
Sabir: TXT_KEY_CITY_NAME_HUN_06
Sadikanni: TXT_KEY_CITY_NAME_ASSYRIA_57
Safed: TXT_KEY_CITY_NAME_ISRAEL_20
Safi: TXT_KEY_CITY_NAME_BERBER_03
Saguntum: TXT_KEY_CITY_NAME_C124
Sahlala: TXT_KEY_CITY_NAME_ASSYRIA_34
Sala: TXT_KEY_CITY_NAME_SALA
Sala: TXT_KEY_CITY_NAME_BERBER_04
Salamina: TXT_KEY_CITY_NAME_PHON_08
Salamis: TXT_KEY_CITY_NAME_SALAMINA
Salatiwara: TXT_KEY_CITY_NAME_HITI_37
Sale: TXT_KEY_CITY_NAME_BERBER_01
Salona: TXT_KEY_CITY_NAME_C30
Samaria: TXT_KEY_CITY_NAME_ISRAEL_64
Samarkand: TXT_KEY_CITY_NAME_SAMARKAND
Samnites: TXT_KEY_CITY_NAME_B01
Samothrace: TXT_KEY_CITY_NAME_GREEK_85
Samuha: TXT_KEY_CITY_NAME_HITI_06
Sam´al: TXT_KEY_CITY_NAME_HITI_41
Sapinuwa: TXT_KEY_CITY_NAME_HITI_31
Saratow: TXT_KEY_CITY_NAME_SKYTHEN_35
Sardinians: TXT_KEY_CITY_NAME_B104
Sardis: TXT_KEY_CITY_NAME_C11
Sareisa: TXT_KEY_CITY_NAME_ASSYRIA_23
Sarepta: TXT_KEY_CITY_NAME_PHON_06
Sarissa: TXT_KEY_CITY_NAME_HITI_11
Sarmatians: TXT_KEY_CITY_NAME_B110
Sarmizegetusa: TXT_KEY_CITY_NAME_DAKER_01
Saturnia: TXT_KEY_CITY_NAME_ETRUS_20
Saxons: TXT_KEY_CITY_NAME_B61
Scaidava: TXT_KEY_CITY_NAME_DAKER_18
Scardona: TXT_KEY_CITY_NAME_ILLYRIA_29
Scharsky: TXT_KEY_CITY_NAME_SKYTHEN_26
Scione: TXT_KEY_CITY_NAME_GREEK_24
Scupi: TXT_KEY_CITY_NAME_ILLYRIA_06
Scythians: TXT_KEY_CITY_NAME_B111
Sechem: TXT_KEY_CITY_NAME_ISRAEL_35
Sedetani: TXT_KEY_CITY_NAME_IBER03
Segedin: TXT_KEY_CITY_NAME_HUN_01
Sejnane: TXT_KEY_CITY_NAME_NUMID_15
Selima: TXT_KEY_CITY_NAME_NUBIA_18
Semnan: TXT_KEY_CITY_NAME_PARTHER_06
Semnoni: TXT_KEY_CITY_NAME_B74
Senones: TXT_KEY_CITY_NAME_B52
Sepphoris: TXT_KEY_CITY_NAME_ISRAEL_12
Sepqy: TXT_KEY_CITY_NAME_CARTHAGE_13
Serbs: TXT_KEY_CITY_NAME_B85
Serogozy: TXT_KEY_CITY_NAME_SEROGOZY
Serogozy: TXT_KEY_CITY_NAME_SKYTHEN_10
Serra: TXT_KEY_CITY_NAME_SERRA
Sesamos: TXT_KEY_CITY_NAME_GREEK_90
Sestos: TXT_KEY_CITY_NAME_GREEK_82
Sheba: TXT_KEY_CITY_NAME_C106
Shilo: TXT_KEY_CITY_NAME_ISRAEL_01
Sibaniba: TXT_KEY_CITY_NAME_ASSYRIA_36
Sicani: TXT_KEY_CITY_NAME_B45
Sicels: TXT_KEY_CITY_NAME_B46
Side: TXT_KEY_CITY_NAME_C12
Sidi Ifni: TXT_KEY_CITY_NAME_BERBER_06
Sigeion: TXT_KEY_CITY_NAME_GREEK_20
Sikambruk: TXT_KEY_CITY_NAME_HUN_03
Sikan: TXT_KEY_CITY_NAME_ASSYRIA_02
Silures: TXT_KEY_CITY_NAME_B98
Simferopol: TXT_KEY_CITY_NAME_SKYTHEN_38
Simu: TXT_KEY_CITY_NAME_ASSYRIA_29
Sinamu: TXT_KEY_CITY_NAME_ASSYRIA_38
Sinope: TXT_KEY_CITY_NAME_C05
Siscia: TXT_KEY_CITY_NAME_ILLYRIA_26
Sitifis: TXT_KEY_CITY_NAME_NUMID_06
Sittace: TXT_KEY_CITY_NAME_ASSYRIA_67
Siwa: TXT_KEY_CITY_NAME_LIBYA_04
Skadar: TXT_KEY_CITY_NAME_ILLYRIA_01
Sklavenir: TXT_KEY_CITY_NAME_HUN_10
Smela: TXT_KEY_CITY_NAME_SKYTHEN_22
Soba: TXT_KEY_CITY_NAME_NUBIA_10
Sodom: TXT_KEY_CITY_NAME_ISRAEL_13
Solocha: TXT_KEY_CITY_NAME_SOLOKHA
Solokha: TXT_KEY_CITY_NAME_SKYTHEN_05
Sonqi: TXT_KEY_CITY_NAME_NUBIA_23
Sordones: TXT_KEY_CITY_NAME_IBER20
Spartolos: TXT_KEY_CITY_NAME_GREEK_23
Spica: TXT_KEY_CITY_NAME_SPICA
Spina: TXT_KEY_CITY_NAME_ETRUS_19
Strasnaja: TXT_KEY_CITY_NAME_SKYTHEN_18
Styberra: TXT_KEY_CITY_NAME_ILLYRIA_22
Suakin: TXT_KEY_CITY_NAME_NUBIA_12
Subria: TXT_KEY_CITY_NAME_ASSYRIA_70
Suchongadi: TXT_KEY_CITY_NAME_HUN_20
Sucidava: TXT_KEY_CITY_NAME_DAKER_28
Sudu: TXT_KEY_CITY_NAME_ASSYRIA_42
Suions: TXT_KEY_CITY_NAME_B83
Sulgovka: TXT_KEY_CITY_NAME_SKYTHEN_15
Sultantepe: TXT_KEY_CITY_NAME_ASSYRIA_33
Sumela: TXT_KEY_CITY_NAME_ASSYRIA_44
Suthul: TXT_KEY_CITY_NAME_NUMID_29
Suvar: TXT_KEY_CITY_NAME_HUN_08
Swedes: TXT_KEY_CITY_NAME_B82
Syracusae: TXT_KEY_CITY_NAME_C46
Syracuse: TXT_KEY_CITY_SYRACUSE
Syrtis: TXT_KEY_CITY_NAME_LIBYA_09
Szorcse: TXT_KEY_CITY_NAME_DAKER_14
Taabilaa: TXT_KEY_CITY_NAME_ASSYRIA_64
Taanach: TXT_KEY_CITY_NAME_ISRAEL_23
Taidu: TXT_KEY_CITY_NAME_ASSYRIA_45
Talmena: TXT_KEY_CITY_NAME_INDIA_35
Talmussu: TXT_KEY_CITY_NAME_ASSYRIA_27
Tamahaq: TXT_KEY_CITY_NAME_B126
Tamezret: TXT_KEY_CITY_NAME_NUMID_14
Tamuda: TXT_KEY_CITY_NAME_BERBER_14
Tanais: TXT_KEY_CITY_NAME_C110
Tanry Tug: TXT_KEY_CITY_NAME_HUN_24
Taoion: TXT_KEY_CITY_NAME_GREEK_47
Tapae: TXT_KEY_CITY_NAME_DAKER_24
Tapiomatron: TXT_KEY_CITY_NAME_HUN_02
Tappika: TXT_KEY_CITY_NAME_HITI_30
Taraz: TXT_KEY_CITY_NAME_PARTHER_09
Tarchna: TXT_KEY_CITY_NAME_ETRUS_02
Tarent: TXT_KEY_CITY_NAME_B133
Tarentum: TXT_KEY_CITY_NAME_C133
Tarhuntassa: TXT_KEY_CITY_NAME_HITI_28
Tarraco: TXT_KEY_CITY_NAME_C122
Tarsos: TXT_KEY_CITY_NAME_B12
Tarsos: TXT_KEY_CITY_NAME_C13
Tartessians: TXT_KEY_CITY_NAME_B39
Tashkent: TXT_KEY_CITY_NAME_TASCHKENT
Taucheira: TXT_KEY_CITY_NAME_C113
Taulantans: TXT_KEY_CITY_NAME_TAULANTER
Taurisci: TXT_KEY_CITY_NAME_B71
Tawergha: TXT_KEY_CITY_NAME_LIBYA_21
Tegarama: TXT_KEY_CITY_NAME_HITI_39
Tekoa: TXT_KEY_CITY_NAME_ISRAEL_41
Tel Arad: TXT_KEY_CITY_NAME_ISRAEL_16
Tel Maresha: TXT_KEY_CITY_NAME_ISRAEL_02
Telamun: TXT_KEY_CITY_NAME_ETRUS_14
Telikhi: TXT_KEY_CITY_NAME_HUN_14
Tell Chuera: TXT_KEY_CITY_NAME_ASSYRIA_14
Tell es-Sultan: TXT_KEY_CITY_NAME_ISRAEL_39
Tesongadi: TXT_KEY_CITY_NAME_HUN_17
Thabraca: TXT_KEY_CITY_NAME_CARTHAGE_10
Thabudeos: TXT_KEY_CITY_NAME_BERBER_21
Thagaste: TXT_KEY_CITY_NAME_NUMID_21
Thala: TXT_KEY_CITY_NAME_NUMID_30
Thamugadi: TXT_KEY_CITY_NAME_NUMID_08
Thanjavur: TXT_KEY_CITY_NAME_INDIA_04
Thasos: TXT_KEY_CITY_NAME_GREEK_13
Thelepte: TXT_KEY_CITY_NAME_NUMID_09
Theodosia: TXT_KEY_CITY_NAME_GREEK_94
Thera: TXT_KEY_CITY_NAME_GREEK_71
Therapnes: TXT_KEY_CITY_NAME_GREEK_05
Thermi: TXT_KEY_CITY_NAME_GREEK_72
Thermos: TXT_KEY_CITY_NAME_GREEK_04
Thessalians: TXT_KEY_CITY_NAME_B135
Thessalians: TXT_KEY_CITY_NAME_B116
Theveste: TXT_KEY_CITY_NAME_C126
Thibilis: TXT_KEY_CITY_NAME_NUMID_18
Thinvanakoil: TXT_KEY_CITY_NAME_INDIA_48
Thracians: TXT_KEY_CITY_NAME_B37
Thubunae: TXT_KEY_CITY_NAME_BERBER_22
Thugga: TXT_KEY_CITY_NAME_NUMID_17
Thuringii: TXT_KEY_CITY_NAME_B64
Thymiaterium: TXT_KEY_CITY_NAME_BERBER_09
Tibiscum: TXT_KEY_CITY_NAME_DAKER_17
Tillia Tepe: TXT_KEY_CITY_NAME_PARTHER_19
Tiruvannamalai: TXT_KEY_CITY_NAME_INDIA_49
Tirzah: TXT_KEY_CITY_NAME_ISRAEL_28
Tisedi: TXT_KEY_CITY_NAME_NUMID_28
Titii: TXT_KEY_CITY_NAME_IBER25
Tituli: TXT_KEY_CITY_NAME_NUMID_25
Toletum: TXT_KEY_CITY_NAME_C120
Tombos: TXT_KEY_CITY_NAME_NUBIA_13
Tomis: TXT_KEY_CITY_NAME_GREEK_66
Toubou: TXT_KEY_CITY_NAME_B128
Tragurion: TXT_KEY_CITY_NAME_ILLYRIA_19
Trapezunt: TXT_KEY_CITY_NAME_GREEK_45
Treveri: TXT_KEY_CITY_NAME_B96
Tribe of Aduatuci: TXT_KEY_LIMES_CITY34
Tribe of Aedui: TXT_KEY_LIMES_CITY3
Tribe of Aestii: TXT_KEY_LIMES_CITY55
Tribe of Agradingun: TXT_KEY_LIMES_CITY43
Tribe of Alamanns: TXT_KEY_CITY_NAME_GERMANIA_06
Tribe of Alans: TXT_KEY_LIMES_CITY79
Tribe of Alauni: TXT_KEY_LIMES_CITY86
Tribe of Alemanni: TXT_KEY_LIMES_CITY78
Tribe of Allobroges: TXT_KEY_LIMES_CITY23
Tribe of Ambilices: TXT_KEY_LIMES_CITY91
Tribe of Ambisontes: TXT_KEY_LIMES_CITY89
Tribe of Ambitraves: TXT_KEY_LIMES_CITY90
Tribe of Ambivareti: TXT_KEY_LIMES_CITY12
Tribe of Ambrones: TXT_KEY_LIMES_CITY31
Tribe of Ampsivarii: TXT_KEY_LIMES_CITY66
Tribe of Anartes: TXT_KEY_LIMES_CITY85
Tribe of Angisciri: TXT_KEY_LIMES_CITY100
Tribe of Angles: TXT_KEY_CITY_NAME_C69
Tribe of Antes: TXT_KEY_CITY_NAME_C84
Tribe of Armalausi: TXT_KEY_LIMES_CITY76
Tribe of Atrebates: TXT_KEY_CITY_NAME_BRITEN1
Tribe of Avars: TXT_KEY_CITY_NAME_C86
Tribe of Avioni: TXT_KEY_LIMES_CITY26
Tribe of Baetasii: TXT_KEY_LIMES_CITY133
Tribe of Bajuwars: TXT_KEY_CITY_NAME_GERMANIA_22
Tribe of Balts: TXT_KEY_CITY_NAME_C77
Tribe of Bardii: TXT_KEY_LIMES_CITY44
Tribe of Bardorii: TXT_KEY_LIMES_CITY104
Tribe of Bastarnae: TXT_KEY_CITY_NAME_C78
Tribe of Bastarns: TXT_KEY_CITY_NAME_GERMANIA_03
Tribe of Batavs: TXT_KEY_CITY_NAME_GERMANIA_13
Tribe of Belgae: TXT_KEY_CITY_NAME_BRITEN5
Tribe of Bittugorii: TXT_KEY_LIMES_CITY103
Tribe of Boii: TXT_KEY_LIMES_CITY24
Tribe of Brigantii: TXT_KEY_LIMES_CITY21
Tribe of Brukters: TXT_KEY_CITY_NAME_GERMANIA_14
Tribe of Buri: TXT_KEY_LIMES_CITY93
Tribe of Caemani: TXT_KEY_LIMES_CITY114
Tribe of Camunni: TXT_KEY_LIMES_CITY81
Tribe of Cantiaci: TXT_KEY_CITY_NAME_BRITEN10
Tribe of Caritni: TXT_KEY_LIMES_CITY50
Tribe of Carvetii: TXT_KEY_CITY_NAME_BRITEN20
Tribe of Chaiboni: TXT_KEY_LIMES_CITY28
Tribe of Chaideinoi: TXT_KEY_LIMES_CITY132
Tribe of Chamavs: TXT_KEY_CITY_NAME_GERMANIA_24
Tribe of Charudes: TXT_KEY_LIMES_CITY65
Tribe of Chatti: TXT_KEY_CITY_NAME_C63
Tribe of Chatts: TXT_KEY_CITY_NAME_GERMANIA_09
Tribe of Chauci: TXT_KEY_CITY_NAME_C58
Tribe of Chauks: TXT_KEY_CITY_NAME_GERMANIA_11
Tribe of Cherusci: TXT_KEY_CITY_NAME_C62
Tribe of Cherusks: TXT_KEY_CITY_NAME_GERMANIA_07
Tribe of Cimbers: TXT_KEY_CITY_NAME_GERMANIA_23
Tribe of Cimbri: TXT_KEY_CITY_NAME_C66
Tribe of Condrusi: TXT_KEY_LIMES_CITY8
Tribe of Corcontoi: TXT_KEY_LIMES_CITY125
Tribe of Creones: TXT_KEY_CITY_NAME_BRITEN15
Tribe of Cuberni: TXT_KEY_LIMES_CITY113
Tribe of Danes: TXT_KEY_CITY_NAME_C67
Tribe of Decantae: TXT_KEY_CITY_NAME_BRITEN16
Tribe of Deceangli: TXT_KEY_CITY_NAME_BRITEN21
Tribe of Diduni: TXT_KEY_LIMES_CITY131
Tribe of Dubonnes: TXT_KEY_CITY_NAME_BRITEN11
Tribe of Dulgubnii: TXT_KEY_LIMES_CITY27
Tribe of Dulgubnii: TXT_KEY_LIMES_CITY48
Tribe of Dumnones: TXT_KEY_CITY_NAME_BRITEN4
Tribe of Durotriges: TXT_KEY_CITY_NAME_BRITEN7
Tribe of Eburones: TXT_KEY_LIMES_CITY11
Tribe of Epidii: TXT_KEY_CITY_NAME_BRITEN14
Tribe of Eudosi: TXT_KEY_LIMES_CITY36
Tribe of Eudusi: TXT_KEY_LIMES_CITY32
Tribe of Eudusii: TXT_KEY_LIMES_CITY37
Tribe of Fosi: TXT_KEY_LIMES_CITY64
Tribe of Franks: TXT_KEY_CITY_NAME_C59
Tribe of Fries: TXT_KEY_CITY_NAME_GERMANIA_12
Tribe of Frisians: TXT_KEY_CITY_NAME_C56
Tribe of Frisiavoni: TXT_KEY_LIMES_CITY9
Tribe of Gambrivii: TXT_KEY_LIMES_CITY62
Tribe of Gangani: TXT_KEY_CITY_NAME_BRITEN22
Tribe of Gautigoth: TXT_KEY_LIMES_CITY61
Tribe of Geats: TXT_KEY_CITY_NAME_C81
Tribe of Gepids: TXT_KEY_LIMES_CITY56
Tribe of Goths: TXT_KEY_CITY_NAME_GERMANIA_01
Tribe of Gotons: TXT_KEY_LIMES_CITY54
Tribe of Granii: TXT_KEY_LIMES_CITY129
Tribe of Greutungi: TXT_KEY_LIMES_CITY60
Tribe of Guidones: TXT_KEY_LIMES_CITY118
Tribe of Halisiones: TXT_KEY_LIMES_CITY97
Tribe of Harii: TXT_KEY_LIMES_CITY46
Tribe of Hasdingi: TXT_KEY_LIMES_CITY94
Tribe of Helisies: TXT_KEY_LIMES_CITY92
Tribe of Helvecones: TXT_KEY_LIMES_CITY47
Tribe of Helvetii: TXT_KEY_LIMES_CITY15
Tribe of Hermunduri: TXT_KEY_LIMES_CITY73
Tribe of Heruls: TXT_KEY_CITY_NAME_GERMANIA_21
Tribe of Hevelli: TXT_KEY_LIMES_CITY107
Tribe of Holsti: TXT_KEY_LIMES_CITY40
Tribe of Hordaii: TXT_KEY_LIMES_CITY124
Tribe of Iceni: TXT_KEY_CITY_NAME_LONDON
Tribe of Ingaevones: TXT_KEY_LIMES_CITY38
Tribe of Inkriones: TXT_KEY_LIMES_CITY68
Tribe of Irminones: TXT_KEY_LIMES_CITY51
Tribe of Jutes: TXT_KEY_CITY_NAME_C68
Tribe of Juthungi: TXT_KEY_LIMES_CITY70
Tribe of Karps: TXT_KEY_CITY_NAME_GERMANIA_30
Tribe of Langobards: TXT_KEY_CITY_NAME_GERMANIA_31
Tribe of Lemovii: TXT_KEY_LIMES_CITY109
Tribe of Lentienses: TXT_KEY_LIMES_CITY105
Tribe of Lepontii: TXT_KEY_LIMES_CITY22
Tribe of Leuci: TXT_KEY_LIMES_CITY7
Tribe of Ligures: TXT_KEY_CITY_NAME_CELT_01
Tribe of Lingones: TXT_KEY_LIMES_CITY13
Tribe of Lombards: TXT_KEY_CITY_NAME_C75
Tribe of Lombards: TXT_KEY_LIMES_CITY41
Tribe of Lugiers: TXT_KEY_CITY_NAME_GERMANIA_20
Tribe of Manimaran: TXT_KEY_LIMES_CITY96
Tribe of Marcomanni: TXT_KEY_CITY_NAME_GERMANIA_08
Tribe of Marcomanni: TXT_KEY_CITY_NAME_C65
Tribe of Marsi: TXT_KEY_LIMES_CITY63
Tribe of Marvii: TXT_KEY_LIMES_CITY29
Tribe of Mattiaks: TXT_KEY_CITY_NAME_GERMANIA_25
Tribe of Melibocus: TXT_KEY_LIMES_CITY67
Tribe of Menapi: TXT_KEY_LIMES_CITY1
Tribe of Moors: TXT_KEY_CITY_NAME_C90
Tribe of Morini: TXT_KEY_LIMES_CITY2
Tribe of Nemetes: TXT_KEY_LIMES_CITY71
Tribe of Nemets: TXT_KEY_CITY_NAME_GERMANIA_27
Tribe of Novantae: TXT_KEY_CITY_NAME_BRITEN17
Tribe of Nuitones: TXT_KEY_LIMES_CITY108
Tribe of Ordovices: TXT_KEY_CITY_NAME_BRITEN8
Tribe of Osi: TXT_KEY_LIMES_CITY84
Tribe of Paemani: TXT_KEY_LIMES_CITY10
Tribe of Peucinii: TXT_KEY_LIMES_CITY102
Tribe of Picts: TXT_KEY_CITY_NAME_BRITEN6
Tribe of Quadi: TXT_KEY_CITY_NAME_QUADEN
Tribe of Raeti: TXT_KEY_CITY_NAME_C94
Tribe of Rani: TXT_KEY_LIMES_CITY106
Tribe of Raumarici: TXT_KEY_LIMES_CITY121
Tribe of Rauraci: TXT_KEY_LIMES_CITY20
Tribe of Raurici: TXT_KEY_LIMES_CITY25
Tribe of Remi: TXT_KEY_LIMES_CITY5
Tribe of Reudigii: TXT_KEY_LIMES_CITY33
Tribe of Ripuarii: TXT_KEY_LIMES_CITY123
Tribe of Roenii: TXT_KEY_LIMES_CITY30
Tribe of Rosomoni: TXT_KEY_LIMES_CITY126
Tribe of Rugii: TXT_KEY_CITY_NAME_C76
Tribe of Rustamides: TXT_KEY_CITY_NAME_C91
Tribe of Salii: TXT_KEY_LIMES_CITY117
Tribe of Saxons: TXT_KEY_CITY_NAME_C61
Tribe of Scirii: TXT_KEY_LIMES_CITY99
Tribe of Sedusii: TXT_KEY_LIMES_CITY52
Tribe of Segni: TXT_KEY_LIMES_CITY127
Tribe of Semnoni: TXT_KEY_CITY_NAME_C74
Tribe of Sequani: TXT_KEY_LIMES_CITY19
Tribe of Serbs: TXT_KEY_CITY_NAME_C85
Tribe of Sevazii: TXT_KEY_LIMES_CITY87
Tribe of Sevazii: TXT_KEY_LIMES_CITY88
Tribe of Sidins: TXT_KEY_CITY_NAME_GERMANIA_28
Tribe of Silingi: TXT_KEY_LIMES_CITY95
Tribe of Silures: TXT_KEY_CITY_NAME_BRITEN9
Tribe of Sitones: TXT_KEY_LIMES_CITY57
Tribe of Suardoni: TXT_KEY_LIMES_CITY53
Tribe of Suebs: TXT_KEY_CITY_NAME_GERMANIA_05
Tribe of Suessiones: TXT_KEY_CITY_NAME_BRITEN19
Tribe of Sugambrers: TXT_KEY_CITY_NAME_GERMANIA_19
Tribe of Suions: TXT_KEY_CITY_NAME_C83
Tribe of Sunici: TXT_KEY_LIMES_CITY72
Tribe of Sunici: TXT_KEY_LIMES_CITY75
Tribe of Sunuci: TXT_KEY_LIMES_CITY77
Tribe of Swabia: TXT_KEY_LIMES_CITY128
Tribe of Swedes: TXT_KEY_CITY_NAME_C82
Tribe of Taexali: TXT_KEY_CITY_NAME_BRITEN18
Tribe of Taifalii: TXT_KEY_LIMES_CITY59
Tribe of Tenkterers: TXT_KEY_CITY_NAME_GERMANIA_18
Tribe of Teutons: TXT_KEY_CITY_NAME_GERMANIA_04
Tribe of Thervingi: TXT_KEY_LIMES_CITY58
Tribe of Thuringii: TXT_KEY_CITY_NAME_C64
Tribe of Tigurini: TXT_KEY_LIMES_CITY17
Tribe of Tougeni: TXT_KEY_LIMES_CITY18
Tribe of Treburi: TXT_KEY_LIMES_CITY116
Tribe of Treveri: TXT_KEY_CITY_NAME_C96
Tribe of Tricassi: TXT_KEY_LIMES_CITY14
Tribe of Trumplini: TXT_KEY_LIMES_CITY82
Tribe of Tuareg: TXT_KEY_CITY_NAME_C89
Tribe of Tubantes: TXT_KEY_LIMES_CITY35
Tribe of Tuihantii: TXT_KEY_LIMES_CITY39
Tribe of Tungrians: TXT_KEY_CITY_NAME_C57
Tribe of Turons: TXT_KEY_CITY_NAME_GERMANIA_29
Tribe of Ubiers: TXT_KEY_CITY_NAME_GERMANIA_15
Tribe of Usipeters: TXT_KEY_CITY_NAME_GERMANIA_16
Tribe of Vandals: TXT_KEY_CITY_NAME_GERMANIA_02
Tribe of Vandals: TXT_KEY_CITY_NAME_C79
Tribe of Vangiones: TXT_KEY_LIMES_CITY74
Tribe of Varines: TXT_KEY_LIMES_CITY122
Tribe of Varini: TXT_KEY_LIMES_CITY115
Tribe of Varisci: TXT_KEY_LIMES_CITY69
Tribe of Verbigii: TXT_KEY_LIMES_CITY16
Tribe of Virsedi: TXT_KEY_LIMES_CITY130
Tribe of Visburgii: TXT_KEY_LIMES_CITY49
Tribe of Warns: TXT_KEY_CITY_NAME_GERMANIA_10
Tribe of Wends: TXT_KEY_LIMES_CITY110
Tribe of Widones: TXT_KEY_LIMES_CITY119
Tribe of Winilii: TXT_KEY_LIMES_CITY42
Trichy: TXT_KEY_CITY_NAME_INDIA_02
Triopion: TXT_KEY_CITY_NAME_GREEK_88
Tripolis: TXT_KEY_CITY_NAME_PHON_07
Troy: TXT_KEY_CITY_NAME_C08
Tscharskaja: TXT_KEY_CITY_NAME_SKYTHEN_33
Tsymbalka: TXT_KEY_CITY_NAME_SKYTHEN_23
Tuareg: TXT_KEY_CITY_NAME_B89
Tubartis: TXT_KEY_CITY_NAME_LIBYA_07
Tungrians: TXT_KEY_CITY_NAME_B57
Tunip: TXT_KEY_CITY_NAME_HITI_09
Tupaziya: TXT_KEY_CITY_NAME_HITI_29
Turboletae: TXT_KEY_CITY_NAME_IBER23
Turdetani: TXT_KEY_CITY_NAME_B38
Turduli: TXT_KEY_CITY_NAME_IBER09
Turmodigi: TXT_KEY_CITY_NAME_IBER11
Turonum: TXT_KEY_CITY_NAME_C49
Tursan: TXT_KEY_CITY_NAME_ASSYRIA_47
Turuk Hun: TXT_KEY_CITY_NAME_HUN_22
Turuspa: TXT_KEY_CITY_NAME_ASSYRIA_41
Tushan: TXT_KEY_CITY_NAME_ASSYRIA_69
Tuwanuwa: TXT_KEY_CITY_NAME_HITI_04
Tynes: TXT_KEY_CITY_NAME_CARTHAGE_12
Tyras: TXT_KEY_CITY_NAME_C80
Tyrians: TXT_KEY_CITY_NAME_B132
Tyrida: TXT_KEY_CITY_NAME_DAKER_19
Tyrus: TXT_KEY_CITY_NAME_C132
Ugarit: TXT_KEY_CITY_NAME_PHON_02
Ujvarhely: TXT_KEY_CITY_NAME_DAKER_04
Ukma: TXT_KEY_CITY_NAME_NUBIA_26
Ullama: TXT_KEY_CITY_NAME_HITI_16
Ulpiana: TXT_KEY_CITY_NAME_ILLYRIA_12
Ulski: TXT_KEY_CITY_NAME_SKYTHEN_31
Umm Ruweim: TXT_KEY_CITY_NAME_NUBIA_37
Ur: TXT_KEY_CITY_NAME_C23
Ura: TXT_KEY_CITY_NAME_HITI_38
Uskana: TXT_KEY_CITY_NAME_ILLYRIA_17
Ust'-Al'ma: TXT_KEY_CITY_NAME_SKYTHEN_06
Utians: TXT_KEY_CITY_NAME_B21
Utigur: TXT_KEY_CITY_NAME_HUN_07
Vaccaei: TXT_KEY_CITY_NAME_IBER07
Vaithisvarankoil: TXT_KEY_CITY_NAME_INDIA_51
Vajira: TXT_KEY_CITY_NAME_INDIA_24
Vandals: TXT_KEY_CITY_NAME_B79
Varduli : TXT_KEY_CITY_NAME_B42
Varhely: TXT_KEY_CITY_NAME_DAKER_09
Vascones: TXT_KEY_CITY_NAME_B123
Vedunia: TXT_KEY_CITY_NAME_C71
Veio: TXT_KEY_CITY_NAME_ETRUS_10
Velch: TXT_KEY_CITY_NAME_ETRUS_04
Velzna: TXT_KEY_CITY_NAME_ETRUS_09
Veneti: TXT_KEY_CITY_NAME_B04
Veneti: TXT_KEY_CITY_NAME_VENETI
Venta Silurum: TXT_KEY_CITY_NAME_C98
Veroia: TXT_KEY_CITY_NAME_GREEK_28
Vescera: TXT_KEY_CITY_NAME_BERBER_19
Vesentium: TXT_KEY_CITY_NAME_ETRUS_22
Vetluna: TXT_KEY_CITY_NAME_ETRUS_05
Vettones: TXT_KEY_CITY_NAME_B117
Visigoths: TXT_KEY_CITY_NAME_B73
Vix: TXT_KEY_CITY_NAME_CELT_03
Volaterrae: TXT_KEY_CITY_NAME_ETRUS_15
Volubilis: TXT_KEY_CITY_NAME_C92
Volubilis: TXT_KEY_CITY_NAME_BERBER_07
Wad ban Naga: TXT_KEY_CITY_NAME_NUBIA_11
Wadi Halfa: TXT_KEY_CITY_NAME_NUBIA_20
Waset: TXT_KEY_CITY_NAME_EGYPT_01
Washukanni: TXT_KEY_CITY_NAME_HITI_45
Wejda: TXT_KEY_CITY_NAME_BERBER_11
Wilusa: TXT_KEY_CITY_NAME_B08
Woronesch: TXT_KEY_CITY_NAME_SKYTHEN_36
Yavne´el: TXT_KEY_CITY_NAME_ISRAEL_61
Yazd: TXT_KEY_CITY_NAME_PARTHER_08
Zadracarta: TXT_KEY_CITY_NAME_ZADRACARTA
Zalpa: TXT_KEY_CITY_NAME_HITI_32
Zaltan: TXT_KEY_CITY_NAME_LIBYA_22
Zamua: TXT_KEY_CITY_NAME_ASSYRIA_68
Zaptal: TXT_KEY_CITY_NAME_ILLYRIA_15
Zilis: TXT_KEY_CITY_NAME_BERBER_08
Zion: TXT_KEY_CITY_NAME_ISRAEL_18
Zippalanda: TXT_KEY_CITY_NAME_HITI_44
Znamenka: TXT_KEY_CITY_NAME_SKYTHEN_04
Zuma: TXT_KEY_CITY_NAME_NUBIA_42
Zygra: TXT_KEY_CITY_NAME_LIBYA_16